Workbook

Sheet 使用说明
A1: 剪枝实验登记工作簿
A3: 工作表 | B3: 用途 | C3: 说明
A4: 基线 | B4: 填写 B0 / B1 未剪枝基线 | C4: 先填写 Params、FLOPs、Latency、FPS、best mIoU、best mAcc、best aAcc
A5: 总清单 | B5: 所有实验统一登记 | C5: 后续作图优先使用该表
A6: 第1组_基础主实验 | B6: backbone 与剪枝比例影响 | C6: 用于建立 backbone 容量—剪枝比例的基本对应关系
A7: 第2组_结构化策略 | B7: Uni / Global / Global Iso 影响 | C7: 用于分析结构协调性约束是否提升恢复上限
A8: 第3组_恢复策略 | B8: 纯微调与蒸馏恢复对比 | C8: 用于比较微调、长周期微调和蒸馏的收益
A9: 填写顺序 | B9: 建议流程 | C9: 先填“基线”，再填各分组，最后核对“总清单”并作图

Sheet 基线
A1: 基线模型登记
A2: 请先填写未剪枝 B0 / B1 的复杂度、速度与性能指标，其他工作表会据此计算相对基线变化量。
A4: 基线标签 | B4: Backbone | C4: Params(M) | D4: FLOPs(G) | E4: Latency(ms/img) | F4: FPS | G4: best mIoU(%) | H4: best mAcc(%) | I4: 备注
A5: B0-Baseline | B5: B0 | C5: 3.72 | D5: 7.95 | E5: 8.06 | F5: 124.09 | G5: 60.6 | H5: 72.98 | I5: 未剪枝基线
A6: B1-Baseline | B6: B1 | C6: 13.68 | D6: 15.48 | E6: 8.07 | F6: 123.85 | G6: 62.66 | H6: 75.01 | I6: 未剪枝基线

Sheet 第1组_基础主实验
A1: 第1组：基础主实验（backbone 与剪枝比例影响）
A2: 核心任务：建立不同剪枝比例下模型性能恢复的基本规律，用于分析 backbone 容量与剪枝比例之间的对应关系。
A4: 分组 | B4: 实验标签 | C4: 原始实验名 | D4: Backbone | E4: 剪枝对象 | F4: 剪枝比例(%) | G4: 剪枝策略 | H4: 结构约束 | I4: 恢复方式 | J4: 训练epoch | K4: Params(M) | L4: Params变化(%) | M4: FLOPs(G) | N4: FLOPs变化(%) | O4: Latency(ms/img) | P4: FPS | Q4: best mIoU(%) | R4: best mAcc(%) | S4: 相对基线ΔmIoU | T4: 相对基线ΔmAcc | U4: 备注
A5: 第1组 | B5: B1-MLP-10 | C5: segformer_b1_mlp_gm_10 | D5: B1 | E5: MLP | F5: 10 | G5: Local | H5: 是 | I5: 无 / 直接评估 | J5: NAN | K5: 13.05 | L5: =IFERROR((1-K5/VLOOKUP(D5,基线!$B$5:$H$6,2,FALSE))*100,"") -> 4.6052632 | M5: 15.07 | N5: =(M5-15.48)/M5*100 -> -2.720637 | O5: 8.73 | P5: 114.48 | Q5: 62.44 | R5: 75.19 | S5: =Q5-62.66 -> -0.22 | T5: =R5-75.01 -> 0.18
A6: 第1组 | B6: B1-MLP-30 | C6: segformer_b1_mlp_gm_30 | D6: B1 | E6: MLP | F6: 30 | G6: Local | H6: 是 | I6: 无 / 直接评估 | J6: NAN | K6: 11.82 | L6: =IFERROR((1-K6/VLOOKUP(D6,基线!$B$5:$H$6,2,FALSE))*100,"") -> 13.596491 | M6: 14.29 | N6: =(M6-15.48)/M6*100 -> -8.3275017 | O6: 8.69 | P6: 115.08 | Q6: 60.27 | R6: 73.6 | S6: =Q6-62.66 -> -2.39 | T6: =R6-75.01 -> -1.41
A7: 第1组 | B7: B1-MLP-50 | C7: segformer_b1_mlp_gm_50 | D7: B1 | E7: MLP | F7: 50 | G7: Local | H7: 是 | I7: 无 / 直接评估 | J7: NAN | K7: 10.59 | L7: =IFERROR((1-K7/VLOOKUP(D7,基线!$B$5:$H$6,2,FALSE))*100,"") -> 22.587719 | M7: 13.52 | N7: =(M7-15.48)/M7*100 -> -14.497041 | O7: 8.64 | P7: 115.78 | Q7: 55.98 | R7: 69.75 | S7: =Q7-62.66 -> -6.68 | T7: =R7-75.01 -> -5.26
A8: 第1组 | B8: B1-MLP-70 | C8: segformer_b1_mlp_gm_70 | D8: B1 | E8: MLP | F8: 70 | G8: Local | H8: 是 | I8: 无 / 直接评估 | J8: NAN | K8: 9.34 | L8: =IFERROR((1-K8/VLOOKUP(D8,基线!$B$5:$H$6,2,FALSE))*100,"") -> 31.725146 | M8: 12.74 | N8: =(M8-15.48)/M8*100 -> -21.507064 | O8: 8.61 | P8: 116.08 | Q8: 46.79 | R8: 58.35 | S8: =Q8-62.66 -> -15.87 | T8: =R8-75.01 -> -16.66
A9: 第1组 | B9: B1-MLP-90 | C9: segformer_b1_mlp_gm_90 | D9: B1 | E9: MLP | F9: 90 | G9: Local | H9: 是 | I9: 无 / 直接评估 | J9: NAN | K9: 8.09 | L9: =IFERROR((1-K9/VLOOKUP(D9,基线!$B$5:$H$6,2,FALSE))*100,"") -> 40.862573 | M9: 11.95 | N9: =(M9-15.48)/M9*100 -> -29.539749 | O9: 8.15 | P9: 122.65 | Q9: 27.13 | R9: 35.58 | S9: =Q9-62.66 -> -35.53 | T9: =R9-75.01 -> -39.43
L10: =IFERROR((1-K10/VLOOKUP(D10,基线!$B$5:$H$6,2,FALSE))*100,"")
A11: 第1组 | B11: B1-UNI-30 | C11: segformer_b1_uni_gm_30_gi | D11: B1 | E11: UNI | F11: 30 | G11: Global+ISO | H11: 否 | I11: 无 / 直接评估 | J11: NAN | K11: 6.56 | L11: =IFERROR((1-K11/VLOOKUP(D11,基线!$B$5:$H$6,2,FALSE))*100,"") -> 52.046784 | M11: 10.91 | N11: =(M11-15.48)/M11*100 -> -41.888176 | O11: 8.67 | P11: 115.25 | Q11: 5.42 | R11: 12.16 | S11: =Q11-62.66 -> -57.24 | T11: =R11-75.01 -> -62.85
A12: 第1组 | B12: B1-UNI-50 | C12: segformer_b1_uni_gm_50_gi | D12: B1 | E12: UNI | F12: 50 | G12: Global+ISO | H12: 否 | I12: 无 / 直接评估 | J12: NAN | K12: 4.01 | L12: =IFERROR((1-K12/VLOOKUP(D12,基线!$B$5:$H$6,2,FALSE))*100,"") -> 70.687135 | M12: 9.66 | N12: =(M12-15.48)/M12*100 -> -60.248447 | O12: 8.15 | P12: 122.6 | Q12: 5.09 | R12: 11.29 | S12: =Q12-62.66 -> -57.57 | T12: =R12-75.01 -> -63.72
A13: 第1组 | B13: B1-UNI-70 | C13: segformer_b1_uni_gm_70_gi | D13: B1 | E13: UNI | F13: 70 | G13: Global+ISO | H13: 否 | I13: 无 / 直接评估 | J13: NAN | K13: 1.91 | L13: =IFERROR((1-K13/VLOOKUP(D13,基线!$B$5:$H$6,2,FALSE))*100,"") -> 86.038012 | M13: 8.4 | N13: =(M13-15.48)/M13*100 -> -84.285714 | O13: 8.35 | P13: 119.71 | Q13: 7.06 | R13: 11.84 | S13: =Q13-62.66 -> -55.6 | T13: =R13-75.01 -> -63.17

Sheet 第2组_结构化策略
A1: 第2组：结构化策略实验（Local / Global / Global Iso）
A2: 核心任务：比较 Local / Global Iso 等结构协调性约束在中高压缩率下是否有利于模型恢复。
A4: 分组 | B4: 实验标签 | C4: 原始实验名 | D4: Backbone | E4: 剪枝对象 | F4: 剪枝比例(%) | G4: 剪枝策略 | H4: 结构约束 | I4: 恢复方式 | J4: 训练epoch | K4: Params(M) | L4: Params变化(%) | M4: FLOPs(G) | N4: FLOPs变化(%) | O4: Latency(ms/img) | P4: FPS | Q4: best mIoU(%) | R4: best mAcc(%) | S4: 相对基线ΔmIoU | T4: 相对基线ΔmAcc | U4: 相对基线ΔmIoU | V4: 相对基线ΔmAcc | W4: 相对基线ΔaAcc | X4: 备注
A5: 第2组 | B5: B1-MLP-30-Local | C5: segformer_b1_mlp_gm_30 | D5: B1 | E5: MLP | F5: 30 | G5: Local | H5: 是 | I5: 无 / 直接评估 | J5: NAN | K5: 11.82 | L5: =IFERROR((1-K5/VLOOKUP(D5,基线!$B$5:$H$6,2,FALSE))*100,"") -> 13.596491 | M5: 14.29 | N5: =(M5-15.48)/M5*100 -> -8.3275017 | O5: 8.69 | P5: 115.08 | Q5: 60.27 | R5: 73.6 | S5: =Q5-62.66 -> -2.39 | T5: =R5-75.01 -> -1.41
A6: 第2组 | B6: B1-MLP-30-Global | C6: segformer_b1_mlp_gm_30_g | D6: B1 | E6: MLP | F6: 30 | G6: Global | H6: 是 | I6: 无 / 直接评估 | J6: NAN | K6: 12.18 | L6: =IFERROR((1-K6/VLOOKUP(D6,基线!$B$5:$H$6,2,FALSE))*100,"") -> 10.964912 | M6: 13.9 | N6: =(M6-15.48)/M6*100 -> -11.366906 | O6: 8.71 | P6: 114.75 | Q6: 56.79 | R6: 69.77 | S6: =Q6-62.66 -> -5.87 | T6: =R6-75.01 -> -5.24
A7: 第2组 | B7: B1-MLP-30-Global+ISO | C7: segformer_b1_mlp_gm_30_gi | D7: B1 | E7: MLP | F7: 30 | G7: Global+ISO | H7: 是 | I7: 无 / 直接评估 | J7: NAN | K7: 12.18 | L7: =IFERROR((1-K7/VLOOKUP(D7,基线!$B$5:$H$6,2,FALSE))*100,"") -> 10.964912 | M7: 13.9 | N7: =(M7-15.48)/M7*100 -> -11.366906 | O7: 7.65 | P7: 130.56 | Q7: 56.79 | R7: 69.77 | S7: =Q7-62.66 -> -5.87 | T7: =R7-75.01 -> -5.24
U8: =IFERROR(Q8-VLOOKUP(D8,基线!$B$5:$H$6,8,FALSE),"") | V8: =IFERROR(S8-VLOOKUP(D8,基线!$B$5:$H$6,10,FALSE),"") | W8: =IFERROR(T8-VLOOKUP(D8,基线!$B$5:$H$6,11,FALSE),"")
U9: =IFERROR(Q9-VLOOKUP(D9,基线!$B$5:$H$6,8,FALSE),"") | V9: =IFERROR(S9-VLOOKUP(D9,基线!$B$5:$H$6,10,FALSE),"") | W9: =IFERROR(T9-VLOOKUP(D9,基线!$B$5:$H$6,11,FALSE),"")

Sheet 第3组_恢复策略
A1: 第3组：恢复策略实验（纯微调与蒸馏恢复对比）
A2: 核心任务：比较纯微调、长周期微调以及蒸馏恢复的效果，并观察教师监督是否改变剪枝后模型的优化轨迹与恢复上限。
A4: 分组 | B4: 实验标签 | C4: 原始实验名 | D4: Backbone | E4: 剪枝对象 | F4: 剪枝比例(%) | G4: 剪枝策略 | H4: 结构约束 | I4: 恢复方式 | J4: 训练epoch | K4: Params(M) | L4: Params变化(%) | M4: FLOPs(G) | N4: FLOPs变化(%) | O4: Latency(ms/img) | P4: FPS | Q4: best mIoU(%) | R4: best mAcc(%) | S4: 相对基线ΔmIoU | T4: 相对基线ΔmAcc | U4: 备注
A5: 第3组(1) | B5: B1-MLP-90 | C5: segformer_b1_mlp_gm_90 | D5: B1 | E5: MLP/FFN | F5: 90 | G5: Local | H5: 是 | I5: 无 / 直接评估 | J5: NAN | K5: 8.09 | L5: =IFERROR((1-K5/VLOOKUP(D5,基线!$B$5:$H$6,2,FALSE))*100,"") -> 40.862573 | M5: 11.95 | N5: =(M5-15.48)/M5*100 -> -29.539749 | O5: 8.15 | P5: 122.65 | Q5: 27.13 | R5: 35.58 | S5: =Q5-62.66 -> -35.53 | T5: =R5-75.01 -> -39.43
A6: 第3组(1) | B6: B1-MLP-90-FT | C6: segformer_b1_mlp_gm_90_ft | D6: B1 | E6: MLP/FFN | F6: 90 | G6: Local | H6: 是 | I6: 微调 | J6: 60 | K6: 8.09 | L6: =IFERROR((1-K6/VLOOKUP(D6,基线!$B$5:$H$6,2,FALSE))*100,"") -> 40.862573 | M6: 11.95 | N6: =(M6-15.48)/M6*100 -> -29.539749 | O6: 8.51 | P6: 117.48 | Q6: 58.78 | R6: 71.63 | S6: =Q6-62.66 -> -3.88 | T6: =R6-75.01 -> -3.38
L7: =IFERROR((1-K7/VLOOKUP(D7,基线!$B$5:$H$6,2,FALSE))*100,"")
A8: 第3组(2) | B8: B1-MLP-90-GI | C8: segformer_b1_mlp_gm_90_gi | D8: B1 | E8: MLP/FFN | F8: 90 | G8: GLobal+ISO | H8: 是 | I8: 无 / 直接评估 | J8: NAN | K8: 8.19 | L8: =IFERROR((1-K8/VLOOKUP(D8,基线!$B$5:$H$6,2,FALSE))*100,"") -> 40.131579 | M8: 11.88 | N8: =(M8-15.48)/M8*100 -> -30.30303 | O8: 8.23 | P8: 121.42 | Q8: 23.09 | R8: 31.29 | S8: =Q8-62.66 -> -39.57 | T8: =R8-75.01 -> -43.72
A9: 第3组(2) | B9: B1-MLP-90-GI-FT | C9: segformer_b1_mlp_gm_90_gi_ft | D9: B1 | E9: MLP/FFN | F9: 90 | G9: GLobal+ISO | H9: 是 | I9: 微调 | J9: 60 | K9: 8.19 | L9: =IFERROR((1-K9/VLOOKUP(D9,基线!$B$5:$H$6,2,FALSE))*100,"") -> 40.131579 | M9: 11.88 | N9: =(M9-15.48)/M9*100 -> -30.30303 | O9: 8.11 | P9: 123.21 | Q9: 58.83 | R9: 71.35 | S9: =Q9-62.66 -> -3.83 | T9: =R9-75.01 -> -3.66
L10: =IFERROR((1-K10/VLOOKUP(D10,基线!$B$5:$H$6,2,FALSE))*100,"")
A11: 第3组(3) | B11: B1-UNI-P-50-GI | C11: segformer_b1_uni_gm_50_gi | D11: B1 | E11: UNI | F11: 50 | G11: GLobal+ISO | H11: 否 | I11: 无 / 直接评估 | J11: NAN | K11: 4.01 | L11: =IFERROR((1-K11/VLOOKUP(D11,基线!$B$5:$H$6,2,FALSE))*100,"") -> 70.687135 | M11: 9.66 | N11: =(M11-15.48)/M11*100 -> -60.248447 | O11: 8.15 | P11: 122.6 | Q11: 5.09 | R11: 11.29 | S11: =Q11-62.66 -> -57.57 | T11: =R11-75.01 -> -63.72
A12: 第3组(3) | B12: B1-UNI-P-50-GI-FT100 | C12: segformer_b1_uni_gm_50_gi_ft | D12: B1 | E12: UNI | F12: 50 | G12: GLobal+ISO | H12: 否 | I12: 微调 | J12: 100 | K12: 4.01 | L12: =IFERROR((1-K12/VLOOKUP(D12,基线!$B$5:$H$6,2,FALSE))*100,"") -> 70.687135 | M12: 9.66 | N12: =(M12-15.48)/M12*100 -> -60.248447 | O12: 8.13 | P12: 122.93 | Q12: 56.48 | R12: 69.72 | S12: =Q12-62.66 -> -6.18 | T12: =R12-75.01 -> -5.29
A14: 第3组(4) | B14: B1-UNI-P-50-GI-FT100 | C14: segformer_b1_uni_gm_50_gi_ft | D14: B1 | E14: UNI | F14: 50 | G14: GLobal+ISO | H14: 否 | I14: 微调 | J14: 100 | K14: 4.01 | L14: =IFERROR((1-K14/VLOOKUP(D14,基线!$B$5:$H$6,2,FALSE))*100,"") -> 70.687135 | M14: 9.66 | N14: =(M14-15.48)/M14*100 -> -60.248447 | O14: 8.13 | P14: 122.93 | Q14: 56.48 | R14: 69.72 | S14: =Q14-62.66 -> -6.18 | T14: =R14-75.01 -> -5.29
A15: 第3组(4) | B15: B1-UNI-P-70-GI-FT50 | C15: segformer_b1_uni_gm_70_gi_ft | D15: B1 | E15: UNI | F15: 70 | G15: Global | H15: 否 | I15: 微调 | J15: 50 | K15: 1.91 | L15: =IFERROR((1-K15/VLOOKUP(D15,基线!$B$5:$H$6,2,FALSE))*100,"") -> 86.038012 | M15: 8.4 | N15: =(M15-15.48)/M15*100 -> -84.285714 | O15: 8.35 | P15: 119.72 | Q15: 52.84 | R15: 66.1 | S15: =Q15-62.66 -> -9.82 | T15: =R15-75.01 -> -8.91
A17: 蒸馏实验 | B17: 100epoch蒸馏正在running
A18: 第3组(5) | B18: B1-UNI-P-50-GI-FT100 | C18: segformer_b1_uni_gm_50_gi_ft | D18: B1 | E18: UNI | F18: 50 | G18: GLobal+ISO | H18: 否 | I18: 微调 | J18: 100 | K18: 4.01 | L18: =IFERROR((1-K18/VLOOKUP(D18,基线!$B$5:$H$6,2,FALSE))*100,"") -> 70.687135 | M18: 9.66 | N18: =(M18-15.48)/M18*100 -> -60.248447 | O18: 8.13 | P18: 122.93 | Q18: 56.48 | R18: 69.72 | S18: =Q18-62.66 -> -6.18 | T18: =R18-75.01 -> -5.29
A19: 第3组(5) | B19: B1-UNI-P-50-GI-FT100-KD50-Logit | C19: segformer_b1_uni_gm_50_gi_ft_kd | D19: B1 | E19: UNI | F19: 50 | G19: GLobal+ISO | H19: 否 | I19: 微调+蒸馏 | J19: 100
A21: (这组只剪枝蒸馏了50epoch)
A22: 第3组(5) | B22: B1-P50-KD50-Logit | C22: b1_p50_ft50_kd_logit | D22: B1 | E22: UNI | F22: 50 | G22: GLobal+ISO | H22: 否 | I22: 微调 + 蒸馏 | J22: 50 | K22: 4.01 | L22: =IFERROR((1-K22/VLOOKUP(D22,基线!$B$5:$H$6,2,FALSE))*100,"") -> 70.687135 | M22: 9.66 | N22: =(M22-15.48)/M22*100 -> -60.248447 | O22: 8.13 | P22: 122.93 | Q22: 55.23 | R22: 67.26 | S22: =Q22-62.66 -> -7.43 | T22: =R22-75.01 -> -7.75

Sheet 总清单
A1: 实验总清单
A2: 建议优先填写该表，后续绘制总览图、剪枝比例曲线图和精度-效率权衡图时可直接使用。
A4: 分组 | B4: 实验标签 | C4: 原始实验名 | D4: Backbone | E4: 剪枝对象 | F4: 剪枝比例(%) | G4: 剪枝策略 | H4: 结构约束 | I4: 恢复方式 | J4: 训练epoch | K4: Params(M) | L4: Params变化(%) | M4: FLOPs(G) | N4: FLOPs变化(%) | O4: Latency(ms/img) | P4: FPS | Q4: best mIoU(%) | R4: final mIoU(%) | S4: best mAcc(%) | T4: best aAcc(%) | U4: 相对基线ΔmIoU | V4: 相对基线ΔmAcc | W4: 相对基线ΔaAcc | X4: 备注
A5: 第1组 | B5: B1-MLP-10 | C5: segformer_b1_mlp_gm_10 | D5: B1 | E5: MLP | F5: 10 | G5: GM | H5: 否 | I5: 无 / 直接评估 | L5: =IFERROR((1-K5/VLOOKUP(D5,基线!$B$5:$H$6,2,FALSE))*100,"") -> 100 | N5: =IFERROR((1-M5/VLOOKUP(D5,基线!$B$5:$H$6,4,FALSE))*100,"") -> 100 | U5: =IFERROR(Q5-VLOOKUP(D5,基线!$B$5:$H$6,8,FALSE),"") | V5: =IFERROR(S5-VLOOKUP(D5,基线!$B$5:$H$6,10,FALSE),"") | W5: =IFERROR(T5-VLOOKUP(D5,基线!$B$5:$H$6,11,FALSE),"")
A6: 第1组 | B6: B1-MLP-30 | C6: segformer_b1_mlp_gm_30 | D6: B1 | E6: MLP | F6: 30 | G6: GM | H6: 否 | I6: 无 / 直接评估 | L6: =IFERROR((1-K6/VLOOKUP(D6,基线!$B$5:$H$6,2,FALSE))*100,"") -> 100 | N6: =IFERROR((1-M6/VLOOKUP(D6,基线!$B$5:$H$6,4,FALSE))*100,"") -> 100 | U6: =IFERROR(Q6-VLOOKUP(D6,基线!$B$5:$H$6,8,FALSE),"") | V6: =IFERROR(S6-VLOOKUP(D6,基线!$B$5:$H$6,10,FALSE),"") | W6: =IFERROR(T6-VLOOKUP(D6,基线!$B$5:$H$6,11,FALSE),"")
A7: 第1组 | B7: B1-MLP-50 | C7: segformer_b1_mlp_gm_50 | D7: B1 | E7: MLP | F7: 50 | G7: GM | H7: 否 | I7: 无 / 直接评估 | L7: =IFERROR((1-K7/VLOOKUP(D7,基线!$B$5:$H$6,2,FALSE))*100,"") -> 100 | N7: =IFERROR((1-M7/VLOOKUP(D7,基线!$B$5:$H$6,4,FALSE))*100,"") -> 100 | U7: =IFERROR(Q7-VLOOKUP(D7,基线!$B$5:$H$6,8,FALSE),"") | V7: =IFERROR(S7-VLOOKUP(D7,基线!$B$5:$H$6,10,FALSE),"") | W7: =IFERROR(T7-VLOOKUP(D7,基线!$B$5:$H$6,11,FALSE),"")
A8: 第1组 | B8: B1-MLP-70 | C8: segformer_b1_mlp_gm_70 | D8: B1 | E8: MLP | F8: 70 | G8: GM | H8: 否 | I8: 无 / 直接评估 | L8: =IFERROR((1-K8/VLOOKUP(D8,基线!$B$5:$H$6,2,FALSE))*100,"") -> 100 | N8: =IFERROR((1-M8/VLOOKUP(D8,基线!$B$5:$H$6,4,FALSE))*100,"") -> 100 | U8: =IFERROR(Q8-VLOOKUP(D8,基线!$B$5:$H$6,8,FALSE),"") | V8: =IFERROR(S8-VLOOKUP(D8,基线!$B$5:$H$6,10,FALSE),"") | W8: =IFERROR(T8-VLOOKUP(D8,基线!$B$5:$H$6,11,FALSE),"")
A9: 第1组 | B9: B1-MLP-90 | C9: segformer_b1_mlp_gm_90 | D9: B1 | E9: MLP | F9: 90 | G9: GM | H9: 否 | I9: 无 / 直接评估 | L9: =IFERROR((1-K9/VLOOKUP(D9,基线!$B$5:$H$6,2,FALSE))*100,"") -> 100 | N9: =IFERROR((1-M9/VLOOKUP(D9,基线!$B$5:$H$6,4,FALSE))*100,"") -> 100 | U9: =IFERROR(Q9-VLOOKUP(D9,基线!$B$5:$H$6,8,FALSE),"") | V9: =IFERROR(S9-VLOOKUP(D9,基线!$B$5:$H$6,10,FALSE),"") | W9: =IFERROR(T9-VLOOKUP(D9,基线!$B$5:$H$6,11,FALSE),"")
A10: 第2组 | B10: B1-UNI-30-GI-FT | C10: segformer_b1_uni_gm_30_gi_ft | D10: B1 | E10: UNI | F10: 30 | G10: GM | H10: GI | I10: 微调 | L10: =IFERROR((1-K10/VLOOKUP(D10,基线!$B$5:$H$6,2,FALSE))*100,"") -> 100 | N10: =IFERROR((1-M10/VLOOKUP(D10,基线!$B$5:$H$6,4,FALSE))*100,"") -> 100 | U10: =IFERROR(Q10-VLOOKUP(D10,基线!$B$5:$H$6,8,FALSE),"") | V10: =IFERROR(S10-VLOOKUP(D10,基线!$B$5:$H$6,10,FALSE),"") | W10: =IFERROR(T10-VLOOKUP(D10,基线!$B$5:$H$6,11,FALSE),"")
A11: 第2组 | B11: B1-UNI-90-GI-FT | C11: segformer_b1_uni_gm_90_gi_ft | D11: B1 | E11: UNI | F11: 90 | G11: GM | H11: GI | I11: 微调 | L11: =IFERROR((1-K11/VLOOKUP(D11,基线!$B$5:$H$6,2,FALSE))*100,"") -> 100 | N11: =IFERROR((1-M11/VLOOKUP(D11,基线!$B$5:$H$6,4,FALSE))*100,"") -> 100 | U11: =IFERROR(Q11-VLOOKUP(D11,基线!$B$5:$H$6,8,FALSE),"") | V11: =IFERROR(S11-VLOOKUP(D11,基线!$B$5:$H$6,10,FALSE),"") | W11: =IFERROR(T11-VLOOKUP(D11,基线!$B$5:$H$6,11,FALSE),"")
A12: 第3组 | B12: B1-MLP-10-FT | C12: segformer_b1_mlp_gm_10_ft | D12: B1 | E12: MLP | F12: 10 | G12: GM | H12: 否 | I12: 微调 | L12: =IFERROR((1-K12/VLOOKUP(D12,基线!$B$5:$H$6,2,FALSE))*100,"") -> 100 | N12: =IFERROR((1-M12/VLOOKUP(D12,基线!$B$5:$H$6,4,FALSE))*100,"") -> 100 | U12: =IFERROR(Q12-VLOOKUP(D12,基线!$B$5:$H$6,8,FALSE),"") | V12: =IFERROR(S12-VLOOKUP(D12,基线!$B$5:$H$6,10,FALSE),"") | W12: =IFERROR(T12-VLOOKUP(D12,基线!$B$5:$H$6,11,FALSE),"")
A13: 第3组 | B13: B1-MLP-30-FT | C13: segformer_b1_mlp_gm_30_ft | D13: B1 | E13: MLP | F13: 30 | G13: GM | H13: 否 | I13: 微调 | L13: =IFERROR((1-K13/VLOOKUP(D13,基线!$B$5:$H$6,2,FALSE))*100,"") -> 100 | N13: =IFERROR((1-M13/VLOOKUP(D13,基线!$B$5:$H$6,4,FALSE))*100,"") -> 100 | U13: =IFERROR(Q13-VLOOKUP(D13,基线!$B$5:$H$6,8,FALSE),"") | V13: =IFERROR(S13-VLOOKUP(D13,基线!$B$5:$H$6,10,FALSE),"") | W13: =IFERROR(T13-VLOOKUP(D13,基线!$B$5:$H$6,11,FALSE),"")
A14: 第3组 | B14: B1-MLP-90-FT | C14: segformer_b1_mlp_gm_90_ft | D14: B1 | E14: MLP | F14: 90 | G14: GM | H14: 否 | I14: 微调 | L14: =IFERROR((1-K14/VLOOKUP(D14,基线!$B$5:$H$6,2,FALSE))*100,"") -> 100 | N14: =IFERROR((1-M14/VLOOKUP(D14,基线!$B$5:$H$6,4,FALSE))*100,"") -> 100 | U14: =IFERROR(Q14-VLOOKUP(D14,基线!$B$5:$H$6,8,FALSE),"") | V14: =IFERROR(S14-VLOOKUP(D14,基线!$B$5:$H$6,10,FALSE),"") | W14: =IFERROR(T14-VLOOKUP(D14,基线!$B$5:$H$6,11,FALSE),"")
A15: 第3组 | B15: B1-UNI-P50-GlobalIso-FT100 | C15: b1_uni_p50_global_iso | D15: B1 | E15: UNI | F15: 50 | G15: Global | H15: Global Iso | I15: 微调 | J15: 100 | L15: =IFERROR((1-K15/VLOOKUP(D15,基线!$B$5:$H$6,2,FALSE))*100,"") -> 100 | N15: =IFERROR((1-M15/VLOOKUP(D15,基线!$B$5:$H$6,4,FALSE))*100,"") -> 100 | U15: =IFERROR(Q15-VLOOKUP(D15,基线!$B$5:$H$6,8,FALSE),"") | V15: =IFERROR(S15-VLOOKUP(D15,基线!$B$5:$H$6,10,FALSE),"") | W15: =IFERROR(T15-VLOOKUP(D15,基线!$B$5:$H$6,11,FALSE),"")
A16: 第3组 | B16: B1-UNI-P70-GlobalIso-FT60 | C16: b1_uni_p70_global_iso | D16: B1 | E16: UNI | F16: 70 | G16: Global | H16: Global Iso | I16: 微调 | J16: 60 | L16: =IFERROR((1-K16/VLOOKUP(D16,基线!$B$5:$H$6,2,FALSE))*100,"") -> 100 | N16: =IFERROR((1-M16/VLOOKUP(D16,基线!$B$5:$H$6,4,FALSE))*100,"") -> 100 | U16: =IFERROR(Q16-VLOOKUP(D16,基线!$B$5:$H$6,8,FALSE),"") | V16: =IFERROR(S16-VLOOKUP(D16,基线!$B$5:$H$6,10,FALSE),"") | W16: =IFERROR(T16-VLOOKUP(D16,基线!$B$5:$H$6,11,FALSE),"")
A17: 第3组 | B17: B1-P50-KD50-Logit | C17: b1_p50_ft50_kd_logit | D17: B1 | E17: UNI | F17: 50 | G17: Global | H17: GI / 剪枝模型 | I17: 微调 + 蒸馏 | J17: 50 | L17: =IFERROR((1-K17/VLOOKUP(D17,基线!$B$5:$H$6,2,FALSE))*100,"") -> 100 | N17: =IFERROR((1-M17/VLOOKUP(D17,基线!$B$5:$H$6,4,FALSE))*100,"") -> 100 | U17: =IFERROR(Q17-VLOOKUP(D17,基线!$B$5:$H$6,8,FALSE),"") | V17: =IFERROR(S17-VLOOKUP(D17,基线!$B$5:$H$6,10,FALSE),"") | W17: =IFERROR(T17-VLOOKUP(D17,基线!$B$5:$H$6,11,FALSE),"")
